<?xml version="1.0" encoding="UTF-8"?>
<project-private xmlns="http://www.netbeans.org/ns/project-private/1">
    <editor-bookmarks xmlns="http://www.netbeans.org/ns/editor-bookmarks/2" lastBookmarkId="0"/>
    <open-files xmlns="http://www.netbeans.org/ns/projectui-open-files/2">
        <group>
            <file>file:/home/carl/eda2/p6-7/Carrichi_de_la_Cruz_Roberto_Carlos_P6-7_G9_V1/Practica6CarrichiRoberto/src/practica6carrichiroberto/Practica6CarrichiRoberto.java</file>
            <file>file:/home/carl/eda2/p6-7/Carrichi_de_la_Cruz_Roberto_Carlos_P6-7_G9_V1/Practica6CarrichiRoberto/src/practica6carrichiroberto/Ejercicios.java</file>
            <file>file:/home/carl/eda2/p6-7/Carrichi_de_la_Cruz_Roberto_Carlos_P6-7_G9_V1/Practica6CarrichiRoberto/src/practica6carrichiroberto/Graph.java</file>
        </group>
    </open-files>
</project-private>
