<?xml version="1.0" encoding="UTF-8"?>
<project-private xmlns="http://www.netbeans.org/ns/project-private/1">
    <editor-bookmarks xmlns="http://www.netbeans.org/ns/editor-bookmarks/2" lastBookmarkId="0"/>
    <open-files xmlns="http://www.netbeans.org/ns/projectui-open-files/2">
        <group>
            <file>file:/home/carl/eda2/p5/Carrichi_de_la_Cruz_Roberto_Carlos_P5_G9_V2/Practica5CarrichiRoberto/src/practica5carrichiroberto/Encadenamiento.java</file>
            <file>file:/home/carl/eda2/p5/Carrichi_de_la_Cruz_Roberto_Carlos_P5_G9_V2/Practica5CarrichiRoberto/src/practica5carrichiroberto/Ejercicio1.java</file>
            <file>file:/home/carl/eda2/p5/Carrichi_de_la_Cruz_Roberto_Carlos_P5_G9_V2/Practica5CarrichiRoberto/src/practica5carrichiroberto/Ejercicio3.java</file>
            <file>file:/home/carl/eda2/p5/Carrichi_de_la_Cruz_Roberto_Carlos_P5_G9_V2/Practica5CarrichiRoberto/src/practica5carrichiroberto/Practica5CarrichiRoberto.java</file>
        </group>
    </open-files>
</project-private>
